{
  "totalCapacity": 1.5,
  "currentCapacity": 1.499996812434311,
  "lowPowerDeviceConsumption": 0.00020000000000000001,
  "fullPowerDeviceConsumption": 0.00040000000000000002,
  "deviceName": "Demo",
  "powerMode": 1
}